id;visual_id;description;enrollment_code;enrollment_time;state_field_value_01;state_field_value_02;state_field_value_03;state_field_value_04;last_error;read_auth_pattern;write_auth_pattern;type_id;org_unit_id
1;systemic;1080p;system-worthy;2021-05-20T22:29:41;Account;Refined Practical paradigms;Car Liaison;Sleek Executive Personal;../fake-data/blob/hipster.txt;Leu Metal Accountability;connecting;1;1
2;distributed teal indigo;Grass-roots;Drives;2021-05-21T13:06:40;Bedfordshire orchestrate Maine;transmitting Practical Checking;Streets digital Bike;purple Mobility;../fake-data/blob/hipster.txt;open-source Terrace;Future Specialist California;2;2
3;Dynamic Direct Forward;copying copying Nevada;fault-tolerant Technician;2021-05-20T18:45:43;Kina;value-added;bus;static;../fake-data/blob/hipster.txt;web-enabled matrix ability;disintermediate Hat synthesize;3;3
4;B2C group;compressing online virtual;Producer withdrawal;2021-05-21T12:23:03;standardization Zimbabwe Borders;primary SAS Kentucky;Rustic Salad one-to-one;National deliver;../fake-data/blob/hipster.txt;Investment Assurance;synthesize;4;4
5;Chips;array compress;panel Forint;2021-05-21T07:24:28;white wireless;hierarchy disintermediate Awesome;optical Open-source metrics;Shoes leading-edge Bacon;../fake-data/blob/hipster.txt;Idaho deposit;hack New Account;5;5
6;impactful;turquoise Mount Direct;Account index;2021-05-21T14:58:41;Shirt;haptic;Intelligent matrix;online Gorgeous Wooden;../fake-data/blob/hipster.txt;leverage invoice redundant;Pines withdrawal info-mediaries;6;6
7;Creative;modular;Function-based JBOD Operations;2021-05-20T19:34:54;quantifying Mouse;Inlet;Legacy;models;../fake-data/blob/hipster.txt;Frozen Facilitator;Tasty Plastic parsing;7;7
8;Awesome;Lesotho magnetic;Well Lempira;2021-05-21T08:08:00;sky firewall purple;Factors e-commerce Carolina;background payment;clicks-and-mortar;../fake-data/blob/hipster.txt;Baby Loan 24/365;JBOD Gorgeous Avenue;8;8
9;Tuna Gorgeous firewall;Adaptive Card;circuit Consultant Sheqel;2021-05-21T11:01:59;JSON content-based;Dominica;Cambridgeshire Assistant Frozen;Intuitive;../fake-data/blob/hipster.txt;repurpose Automotive Table;Fish;9;9
10;User-friendly Trail Plastic;tan black reboot;redefine Convertible;2021-05-21T08:22:36;transition Regional mission-critical;Automotive Fantastic;Configuration;Senior Vermont Berkshire;../fake-data/blob/hipster.txt;cross-platform;Awesome viral orange;10;10
